﻿Designator,Footprint,Quantity,Value,LCSC Part #
"C1, C10, C11, C12, C13, C14, C15, C2, C6, C7",0603,10,100n,C14663
C3,0603,1,10u,C19702
"C4, C5",0603,2,30p,C1658
"C8, C9",0603,2,1u,C15849
"R1, R2",0603,2,5k1,C23186
"R3, R5",0603,2,10k,C25804
"R4, R6",0603,2,1k,C21190
"R7, R8",0603,2,33,C23140
"SW1, SW2",TS-1187A-B-A-B,2,SW_MEC_5E,C318884
U1,SOIC-8_5.23x5.23mm_P1.27mm,1,W25Q128JVS,C97521
U2,SOT-223-3_TabPin2,1,LD1117S33TR,C6186
U3,QFN-56-1EP_7x7mm_P0.4mm_EP3.2x3.2mm,1,RP2040,C2040
USB1,USBC_16P,1,~,C2765186
"VR1, VR2, VR3, VR4",PTA45432015CPB503,4,slide_pot,
Y1,Crystal_SMD_3225-4Pin_3.2x2.5mm,1,12Mhz,C9002
